dir,date,papers,files,ok,total,strict,norm,diverged,leak_hits,leak_denom,hits
parsebench-argspec-smoke-2026-09-16,2026-09-16,35,36,36,36,36,0,0,0,4190,{}
parsebench-audit-defnl-2026-09-15,2026-09-15,1000,1955,1955,1955,1955,0,0,58,135575,{'dollar': 58}
parsebench-audit-final-2026-09-15,2026-09-15,1000,1955,1955,1955,1955,0,0,58,135575,{'dollar': 58}
parsebench-audit-fix-2026-09-15,2026-09-15,200,416,416,416,416,0,0,4,31373,{'dollar': 4}
parsebench-audit-full-2026-09-15,2026-09-15,1187,3343,3343,3343,3343,0,0,77,187541,{'dollar': 77}
parsebench-corpus39-2026-09-15,2026-09-15,39,256,256,256,256,0,0,1,23928,{'dollar': 1}
parsebench-corpus_v2-2026-09-15,2026-09-15,138,224,224,224,224,0,0,2,17495,{'dollar': 2}
parsebench-corpus_v3-2026-09-15,2026-09-15,1000,1955,1955,1955,1955,0,0,58,136017,{'dollar': 58}
parsebench-corpus_v3-booster-2026-09-15,2026-09-15,187,1388,1388,1388,1388,0,0,19,51966,{'dollar': 19}
parsebench-corpus_v3-l1gate-2026-09-19,2026-09-19,1000,1955,1955,1955,1955,0,0,0,128460,{}
parsebench-corpus_v3-postf-2026-09-15,2026-09-15,1000,1955,1955,1955,1955,0,0,57,134839,{'dollar': 57}
parsebench-corpus_v3-postf6-2026-09-15,2026-09-15,1000,1955,1955,1955,1955,0,0,57,134863,{'dollar': 57}
parsebench-corpusv2-2026-09-15,2026-09-15,137,223,223,223,223,0,0,15,17375,"{'dollar': 14, 'conditional': 1, 'ref_family': 1}"
parsebench-fixtures-2026-09-15,2026-09-15,,,,,,,,,,
parsebench-maskfix-probe-2026-09-15,2026-09-15,2,3,3,3,3,0,0,0,88,{}
parsebench-spot-inputquote-2026-09-19,2026-09-19,9,9,9,9,9,0,0,0,851,{}
parsebench-textutil-full-2026-09-15,2026-09-15,1000,1955,1955,1955,1745,113,97,58,135124,{'dollar': 58}
parsebench-textutil-full2-2026-09-15,2026-09-15,1000,1955,1955,1955,1955,0,0,58,135124,{'dollar': 58}
parsebench-textutil-verbatim-2026-09-15,2026-09-15,1000,1955,1955,1955,1955,0,0,58,135573,{'dollar': 58}
parsebench-v2dual200-2026-09-15,2026-09-15,170,214,214,214,214,0,0,1,21351,{'dollar': 1}
parsebench-v2full-s3b-2026-09-15,2026-09-15,1000,1955,1955,1955,1955,0,0,57,135116,{'dollar': 57}
parsebench-v2full-s3c-2026-09-15,2026-09-15,1000,1955,1955,1955,1955,0,0,57,135116,{'dollar': 57}
parsebench-v2full-s4-2026-09-15,2026-09-15,1000,1955,1955,1955,1955,0,0,57,135170,{'dollar': 57}
parsebench-v2full1955-2026-09-16,2026-09-16,1000,1955,1955,1955,1955,0,0,57,135120,{'dollar': 57}
parsebench-v2prod-cutover-2026-09-15,2026-09-15,1000,1955,1955,1955,1955,0,0,57,135170,{'dollar': 57}
parsebench-v2prod-final-2026-09-15,2026-09-15,1000,1955,1955,1955,1955,0,0,57,135170,{'dollar': 57}
parsebench-v2reg-s3grp-2026-09-15,2026-09-15,138,224,224,224,224,0,0,2,17426,{'dollar': 2}
parsebench-v2reg-s3grp2-2026-09-15,2026-09-15,138,224,224,224,224,0,0,2,17426,{'dollar': 2}
parsebench-v2textfix-2026-09-16,2026-09-16,1000,1955,1955,1955,1955,0,0,57,135170,{'dollar': 57}
parsebench-v3-all-2026-09-19,2026-09-19,13253,28904,28903,28904,28899,3,1,76,1845338,"{'dollar': 75, 'ref_family': 1}"
parsebench-v3-c12probe-2026-09-18,2026-09-18,1000,1955,1955,1955,1955,0,0,57,136050,{'dollar': 57}
parsebench-v3-c14base-2026-09-18,2026-09-18,1000,1955,1955,1955,1955,0,0,57,136050,{'dollar': 57}
parsebench-v3-c14post-2026-09-18,2026-09-18,1000,1955,1955,1955,1955,0,0,0,136049,{}
parsebench-v3-c2dollar-2026-09-18,2026-09-18,1000,1955,1955,1955,1955,0,0,0,136049,{}
parsebench-v3-c2l5-2026-09-18,2026-09-18,1000,1955,1955,1955,1955,0,0,0,136191,{}
parsebench-v3-c2l5b-2026-09-18,2026-09-18,1000,1955,1955,1955,1955,0,0,0,135840,{}
parsebench-v3-deadanchor-2026-09-17,2026-09-17,1000,1955,1955,1955,1955,0,0,57,136051,{'dollar': 57}
parsebench-v3-inputleak,,1000,1955,1955,1955,1955,0,0,0,133372,{}
parsebench-v3-iuwave-base-2026-09-17,2026-09-17,1000,1955,1955,1955,1955,0,0,57,136052,{'dollar': 57}
parsebench-v3-iuwave-post-2026-09-17,2026-09-17,1000,1955,1955,1955,1955,0,0,57,136052,{'dollar': 57}
parsebench-v3-l7sega-2026-09-18,2026-09-18,1000,1955,1955,1955,1955,0,0,0,136191,{}
parsebench-v3-l9gullet-2026-09-18,2026-09-18,1000,1955,1955,1955,1955,0,0,0,136191,{}
parsebench-v3-nkind-2026-09-17,2026-09-17,1000,1955,1955,1955,1955,0,0,57,136052,{'dollar': 57}
parsebench-v3-pendreg,,1000,1955,1955,1955,1955,0,0,0,135840,{}
parsebench-v3-post-wfix-2026-09-15,2026-09-15,1000,1955,1955,1955,1955,0,0,58,135086,{'dollar': 58}
parsebench-v3-postspec,,1000,1955,1955,1955,1955,0,0,0,133372,{}
parsebench-v3-postw84,,1000,1955,1955,1955,1955,0,0,0,135840,{}
parsebench-v3-postw84-expand,,3866,7229,7228,7229,7227,0,1,1,517487,{'ref_family': 1}
parsebench-v3-split-2026-09-17,2026-09-17,1000,1955,1955,1955,1955,0,0,57,136008,{'dollar': 57}
parsebench-v3-ungate,,1000,1955,1955,1955,1955,0,0,0,135840,{}
