corpus	key	rule_fired	payload_cleared	verdict_before	verdict_now	notes
0806.3501	iopart.cls+Eref-belt	y	y	acceptable_pdf	acceptable_pdf	iopart body defines Eref+submitto natively; residual undefined_cs fulltable (env-form cs, no shim/cs_table key)
0806.2190	iopart.cls+iopamstrue	y	y	best_effort_pdf	clean	flip; \newif\ifiopams in body yields \iopamstrue
1206.1691	iopart.cls+iopams.sty+fl	y	y	acceptable_pdf	clean	flip; both shims fired in sequence, \fl covered by iopart body
1206.0321	iopart.cls+ams	y	y	best_effort_pdf	clean	flip; \ams covered by iopart body
0806.2706	iopart.cls+PRL	y	y	acceptable_pdf	clean	flip; \PRL journal-abbrev covered
1907.00292	tcilatex.tex+func	y	y	best_effort_pdf	acceptable_pdf	real TCI surface: func/dsum/QQQ/FRAME all in body; residual \tint/\tsum (TCI gap)
0806.1203	tcilatex.tex+FRAME	y	y	acceptable_pdf	clean	flip; FRAME covered by new tcilatex body
hep-th/9703079	tcilatex+QQQ	y	y	best_effort_pdf	best_effort_pdf	shim fired on pay 'tcilatex' (no ext) writing tcilatex.tex; QQQ in body; residuals \stackunder/\endSb/\TEXTsymbol/\tfrac
astro-ph/0605222	sciii	n/a	n/a	unfixable:undefined_cs	clean	payload did NOT reproduce (zh/ rebuilt after loop1 run) — cannot verify sciii key
astro-ph/0307216	ifnfssone	y	y	best_effort_pdf	best_effort_pdf	cs_table polyfill fired; residual \ifnfsstwo — twin switch not in cs_table
0806.2482	elsart1p.cls+corauth	y	y	best_effort_pdf	acceptable_pdf	sibling *elsart_body resolved, corauth→cortext bridge works; residual \corauthref (elsart gap); phantom payload 'end'
hep-lat/0111059	elsart.cls+eqntopsep	y	y	unfixable:undefined_cs	best_effort_pdf	flip; \newskip\eqntopsep in body; residual \frontmatter (phantom payload 'begin')
0707.2284	elsart.cls+corauth	y	y	best_effort_pdf	acceptable_pdf	corauth bridge works; residual \corauthref (elsart gap); phantom payload 'end'
astro-ph/9901112	aa.cls+thesaurus	y	y	best_effort_pdf	best_effort_pdf	thesaurus/email/acknowledgements in aa body; residual early_eof (unrelated)
0806.3705	aa.cls+acknowledgements	y	y	acceptable_pdf	clean	flip
astro-ph/0104134	aipproc.cls+address	y	y	best_effort_pdf	best_effort_pdf	batch-8 \address in body; post-judge clean; residual csname/syntax inside doc structure
1404.0354	overrideIEEEmargins	y	y	best_effort_pdf	acceptable_pdf	cs_table polyfill fired; residual illegal_unit (unrelated)
0707.3252	diag	y	y	acceptable_pdf	clean	flip; cs_table polyfill fired behind siamltex shim
1206.1993	Bar	y	n	acceptable_pdf	acceptable_pdf	FIRED-BUT-NO-OP: \providecommand{\Bar} clobbered by later amsmath \def\Bar{\bar}; eulervm \let\bar\undefined under TU → \bar dead
2211.04441	hypersetup	y	y	best_effort_pdf	best_effort_pdf	usepackage hyperref installed+fired; residual = mock-xlat unit corruption \makebox[3这是译文] (unrelated)
synth-belt	Tref belt-block	y	y	—	clean	synthetic doc: single \Tref fire installed all 9 siblings (Tref/Fref/Eref/Sref/br/mr/ns/bb/bc)
