date,run,model,n,hard_ok_pct,judge_mean,note
2026-09-15,xlatbench-v3-smoke,swe-2-medium,48,64.6,,http_err 17 — 网关不稳期
2026-09-15,xlatbench-v3-matrix,swe-2-high,74,100.0,,ord_bad 20
2026-09-15,xlatbench-v3-matrix,glm-5-2,74,95.9,,71/74
2026-09-15,xlatbench-contract,swe-2-high,80,100.0,,
2026-09-15,xlatbench-contract,swe-2-medium,80,98.8,,79/80
2026-09-19,xlatbench-v3all,swe-2-medium,271,93.7,,lat p50 4.2s/p95 29.7s; v_err 27 新增校验口径
2026-09-16,qualbench(建成),swe-2-max→medium,0,,,1-5分+六flag 协议落地 esa 前身
2026-09-18,qualbase,swe-2-max,1200,,92.9,"CI[92.4,93.3] contested 8.1%"
2026-09-18,qualdrift,swe-2-max,300,,92.8,KS drift pass vs baseline
2026-09-19,qualbench-e2ereal,swe-2-max,1937,,94.0,median95 ≥90占90.6% contested5.5%
